asset,file,width,height,alt_ar
carousel-01,images/carousel-01.png,1092,1440,قبل المراجعة الزكوية: أي نسخة من ملفك يعتمد عليها المراجع؟ ثلاث خطوات لتنظيم ملف المنشأة، مع رسم توضيحي لملف وأوراق.
carousel-02,images/carousel-02.png,1092,1440,الخطوة الأولى: تعريف الملف بتوضيح المنشأة والفترة المالية ومسؤول التنسيق.
carousel-03,images/carousel-03.png,1092,1440,الخطوة الثانية: اسم واضح لكل ملف وحالة واضحة لكل نسخة؛ تحت المراجعة أو معتمدة داخليًا.
carousel-04,images/carousel-04.png,1092,1440,الخطوة الثالثة: جمع الأسئلة المفتوحة في قائمة تشمل المعلومة الناقصة ومن يتابعها وحالتها.
carousel-05,images/carousel-05.png,1092,1440,تنظيم الملف يساعد على المراجعة، لكنه لا يحدد المتطلبات أو المعالجة الزكوية لحالة المنشأة. تحويل النقاط غير الواضحة إلى أسئلة محددة.
carousel-06,images/carousel-06.png,1092,1440,قائمة للحفظ والمشاركة: تعريف الملف، حالة النسخة، والأسئلة المفتوحة.
story-01,images/story-01.png,941,1672,أي نسخة نعتمد؟ اسم واضح للملف وحالة واضحة للنسخة، مع بطاقتين: تحت المراجعة ومعتمدة داخليًا.
story-02,images/story-02.png,941,1672,قبل إرسال الملف: عرّف الملف، وضّح حالة النسخة، واجمع الأسئلة المفتوحة. خطوات تنظيمية وليست قائمة متطلبات زكوية.
article-cover,images/article-cover.png,1672,941,رسم توضيحي لملف وأوراق مرتبة بلون عاجي مع مشبك ذهبي على خلفية كحلية؛ لا يمثل مستندات عميل.
